index,current_regime,most_likely_next_regime,transition_probability
0,0,0,0.803030303030303
1,1,1,0.8409090909090909
2,2,2,0.8275862068965517
