index,regime,persistence_probability,transition_observation_count,expected_duration
0,0,0.803030303030303,66,5.076923076923076
1,1,0.8409090909090909,44,6.2857142857142865
2,2,0.8275862068965517,58,5.8
