index,0,1,2
0,0.803030303030303,0.06060606060606061,0.13636363636363635
1,0.13636363636363635,0.8409090909090909,0.022727272727272728
2,0.13793103448275862,0.034482758620689655,0.8275862068965517
