index,strategy,mean_terminal_return,median_terminal_return,terminal_return_volatility,probability_of_loss,var_95,cvar_95,best_terminal_return,worst_terminal_return
0,static,0.003075754885770739,0.0030224414224671037,0.0076696621151678855,0.324,-0.008954909815135586,-0.014513786133163448,0.025326024361589816,-0.026631896321791193
1,dynamic,0.013086334069683677,0.013363010348336424,0.005927078418175001,0.018,0.0033790067850338556,-7.479495088332567e-05,0.03421070784099767,-0.010599788219536554
