index,asset,average_static_weight,average_dynamic_weight,average_active_weight,static_return_contribution,dynamic_return_contribution,active_return_contribution
0,GLD,0.09999999999999999,0.24674556213017754,0.14674556213017753,0.028579999999999522,0.07254999999999881,0.04396999999999931
1,SPY,0.5999999999999999,0.46005917159763315,-0.1399408284023667,-0.04469999999999803,-0.011979999999999207,0.032719999999998806
2,TLT,0.29999999999999993,0.2931952662721894,-0.006804733727810541,0.03467999999999845,0.054619999999997976,0.01993999999999954
