index,strategy,alpha,annualized_alpha,r_squared,residual_volatility,equity_beta,defensive_beta,real_asset_beta
0,static,0.0006759689452797696,0.17034417421050194,1.0,1.413608572986071e-15,0.5052270167533225,-0.05053848046399817,-0.18766927375582218
1,dynamic,0.0008717002035858474,0.21966845130363355,0.5021465967556582,0.014370655343442144,0.2771704900684788,-0.0630457624639685,-0.05580307247168224
