index,regime,simulated_frequency
0,0,0.4685238095238095
1,1,0.21152380952380953
2,2,0.31995238095238093
