index,regime,observation_count,cumulative_return,annualized_return,annualized_volatility,sharpe_ratio,max_drawdown,average_correlation,equity_return,defensive_return,real_asset_return,best_asset,worst_asset,label,interpretation
0,0,67,0.05467658574524359,0.22167641704703156,0.009310390163318675,23.80957330020371,-0.003494289109475135,-0.4795000850738367,0.00018208955223881574,0.00014925373134326217,0.0020537313432835813,GLD,TLT,Inflation / real assets,"Real assets led this regime. GLD was the strongest asset, while TLT lagged."
1,1,44,0.013813079246615345,0.08173893023015588,0.012178794866384545,6.711577879989474,-0.006744608571236488,-0.33333333333333326,-0.0017727272727272162,0.00198181818181812,0.000727272727272632,TLT,SPY,Mixed / transition,"This regime showed mixed market behavior. TLT was the strongest asset, while SPY lagged."
2,2,58,0.04283241040969754,0.1998831373715324,0.009871672059783213,20.24815412840223,-0.0037268071086830057,-0.4728007819165108,-0.00014999999999999687,0.00031724137931032713,0.002003448275862059,GLD,SPY,Inflation / real assets,"Real assets led this regime. GLD was the strongest asset, while SPY lagged."
