index,strategy,factor,beta,standard_error,t_stat,p_value,significant
0,dynamic,equity,0.2771704900684788,0.02268158318412531,12.220068053383002,2.428813023589941e-34,True
1,dynamic,defensive,-0.0630457624639685,0.02359439505973734,-2.6720652216065055,0.007538599455945828,True
2,dynamic,real_asset,-0.05580307247168224,0.03475641085538224,-1.6055476126080146,0.10837334382376479,False
